title,author,album
"City, Country, City",War,The World is a Ghetto
Darkest Light - Remastered,Lafayette Afro Rock Band,Afro Funk Explosion
Relaxed Scene,James Clarke,Mystery Movie
#3,Aphex Twin,Selected Ambient Works Volume II
retire (final),Alvedon,hurry up mixtape
Cornfield Chase,Hans Zimmer,Interstellar (Original Motion Picture Soundtrack) [Expanded Edition]
Rogue Satellite,Omni Trio,Rogue Satellite
Time,Hans Zimmer,Inception (Music from the Motion Picture)
S.T.A.Y.,Hans Zimmer,Interstellar (Original Motion Picture Soundtrack) [Expanded Edition]
Sea Lion,OTE,Gone for Days
Sadness Theme,Franco Micalizzi,Stridulum - The Visitor (Original Motion Picture Soundtrack)
Pete Standing Alone,Boards of Canada,Music Has The Right To Children
(Something),Planning For Burial,Below the House
walk,james king,walk
snowfall,Øneheart,snowfall
Swingin' Spathiphyllums,Mort Garson,Mother Earth's Plantasia
QKThr,Aphex Twin,Drukqs
A Quick One Before the Eternal Worm Devours Connecticut,Have A Nice Life,Deathconsciousness
Port Of Mystery,Yanni,Keys To Imagination
Island Sunrise,Software,Digital-Dance
#20,Aphex Twin,Selected Ambient Works Volume II
Righteous (SLOW & REVERB),Mo Beats,Righteous (SLOW & REVERB)
Air Song - 8 AM Version,Solar Fields,Extended
Song 2,DJ Krush,Jaku
Righteous,Mo Beats,Righteous
Righteous,Mo Beats,Righteous
The Knight Hawk,Jet Age of Tomorrow,Voyager
Scenery,Ryo Fukui,シーナリィ
aquatic ambience,Scizzie,aquatic ambience
Long Ride Home (Extended),O7W,Long Ride Home
"Untitled, Pt. 2",Cameron Gainley,The Trippy Summer Collection
Long Whale Song,SymphoCat,Long Whale Song
Rêve - Remastered,Vangelis,Opera sauvage (Remastered)
まほうのじゅうたん,百景,おくりもの
Falling,m a l i b l u e : (,No Sleep
Summer Madness,Kool & The Gang,Light Of Worlds
Soft Shell,Motherlode,When I Die
Solitaire,Acker Bilk,Really Cheezy
Olson,Boards of Canada,Music Has The Right To Children
"Past, Present & Future - Intro",Vanilla,Origin
Tychonic Cycle,Jonny L,Sawtooth
Son Of Ice Bag - Remastered 2003/Rudy Van Gelder Edition,Dr. Lonnie Smith,Think (Remastered 2003/Rudy Van Gelder Edition)
I'm Going Insane,mistfulplays,I'm Going Insane
Dal Boca Vista,Surfing,Deep Fantasy
Dreamscape,009 Sound System,"Track One Recordings, Vol. 1"
Inside Out,Duster,Stratosphere
Mexican Dream,Piero Piccioni,Colpo Rovente - Red Hot Shot (Original Motion Picture Soundtrack)
minipops 67 [120.2][source field mix],Aphex Twin,Syro
Hedphelym,Aphex Twin,Selected Ambient Works 85-92
Heliosphan,Aphex Twin,Selected Ambient Works 85-92
Floating Mountains,Soshi Takeda,Floating Mountains
Polka Dots And Moonbeams,Wes Montgomery,Incredible Jazz Guitar
Sleep Walk,Santo & Johnny,Canadian American Greatest Hits 50th Anniversary Collection
Avril 14th,Aphex Twin,Drukqs
It's Your Move,Diana Ross,Swept Away (Expanded Edition)
Alberto Balsalm,Aphex Twin,...I Care Because You Do
IZ-US,Aphex Twin,Come To Daddy
Xtal,Aphex Twin,Selected Ambient Works 85-92
Analog Sunrise,Michael Wyckoff,Bonetones (Original Game Soundtrack)
Moonlight and Shadows,Russ Morgan and His Orchestra,The Uncollected: Russ Morgan and His Orchestra
Portrait of Tracy - Original Version,Francesco Suppa,Birds To Jaco
The Perfect Girl - Arabic Version,YAD Oud,The Perfect Girl (Arabic Version)
Peaceful,Argon Riffer,Dream and meditation music
North Shore Of Matsushima,Yanni,Keys To Imagination
Looking Glass,Yanni,Keys To Imagination
Nostalgia,Yanni,Keys To Imagination
Santorini,Yanni,Keys To Imagination
Keys To Imagination,Yanni,Keys To Imagination
Forgotten Yesterdays,Yanni,Keys To Imagination
Forbidden Dreams,Yanni,Keys To Imagination
Midnight Cowboy,Santo & Johnny,Adagio
Wedding Bells,Whitearmor,In the Abyss: Music for Weddings
Shadow,Ernst Reijseger,Cave of Forgotten Dreams (Music for a Film by Werner Herzog)
Flim,Simon Farintosh,Aphex Twin for Guitar
Alberto Balsam,Simon Farintosh,Aphex Twin for Guitar
By night,Argon Riffer,Musique relaxante pour mon bébé
livingroom,Kensuke Ushio,Chainsaw Man Original Soundtrack EP Vol.2 (Episode 4-7)
#7,Aphex Twin,Selected Ambient Works Volume II
#1,Aphex Twin,Selected Ambient Works Volume II
When You Sleep,Japancakes,Loveless
Itinerario romantico,Rigol,Itinerario beat
L no Nakama,Hideki Taniuchi,DEATH NOTE Original Soundtrack
Pont Alexandre III,Alexander Lasarenko,Noir
Rosalie est partie,Philippe Sarde,Cesar et Rosalie (Original Motion Picture Soundtrack)
Intro,C418,Minecraft - Volume Beta
Portrait of Tracy - Live,Weather Report,Black Market
我昨晚夢見你了,輕描淡寫,小圈子
Winter (L'Inverno) Op.8 No.4 F Minor: Allegro Non Molto,Baroque Festival Orchestra,Vivaldi - The Four Seasons
20191229,Mac DeMarco,One Wayne G
En Aften Ved Svanefossen,Beik Poel,En Aften Ved Svanefossen
Samah,Argon Riffer,African Meditation
Horse Steppin’,Sun Araw,Beach Head
Nocturne Op. 9 No. 2,Frédéric Chopin,JUST THE BEST MUSIC Vol. 2 Solo Piano Relax Playlist
Meeting Kitty,Ludwig Göransson,Oppenheimer (Original Motion Picture Soundtrack)
Planet Wisp - Act 3,SEGA SOUND TEAM,SONIC COLORS ORIGINAL SOUNDTRACKViViD SOUND × HYBRiD COLORS (Vol.2)
Groves,Ludwig Göransson,Oppenheimer (Original Motion Picture Soundtrack)
Europa (Earth's Cry Heaven's Smile),Santana,Ultimate Santana
SISTER MARIAN,T-SQUARE,ADVENTURES
Map Muzak,Christian Salyer,Postal & Postal 2 (Original Soundtrack)
But Not for Me,Alexander Lasarenko,Noir
Can You Hear The Music,Ludwig Göransson,Oppenheimer (Original Motion Picture Soundtrack)
In A Sentimental Mood,Duke Ellington,Duke Ellington & John Coltrane
Intervallo II,Ennio Morricone,Veruschka - Poesia di una donna (Original Motion Picture Soundtrack)
ペインテッド・パラダイス,稲垣次郎とソウル・メディア,ファンキー・スタッフ
Doze On The Bullet Train,Jordon Alexander,Ohana
Pancake Lizard - Peel Session,Aphex Twin,Peel Session 2
Dance With a Stranger,Yanni,Tribute
Tabidachi,Yugo Kanno,JOJO'S BIZARRE ADVENTURE -Stardust Crusaders O.S.T [Departure]
Manhattan Project,Ludwig Göransson,Oppenheimer (Original Motion Picture Soundtrack)
American Prometheus,Ludwig Göransson,Oppenheimer (Original Motion Picture Soundtrack)
Atmospheric Ignition,Ludwig Göransson,Oppenheimer (Original Motion Picture Soundtrack)
Los Alamos,Ludwig Göransson,Oppenheimer (Original Motion Picture Soundtrack)
Fusion,Ludwig Göransson,Oppenheimer (Original Motion Picture Soundtrack)
Colonel Pash,Ludwig Göransson,Oppenheimer (Original Motion Picture Soundtrack)
Theorists,Ludwig Göransson,Oppenheimer (Original Motion Picture Soundtrack)
Ground Zero,Ludwig Göransson,Oppenheimer (Original Motion Picture Soundtrack)
Trinity,Ludwig Göransson,Oppenheimer (Original Motion Picture Soundtrack)
What We Have Done,Ludwig Göransson,Oppenheimer (Original Motion Picture Soundtrack)
Power Stays In The Shadows,Ludwig Göransson,Oppenheimer (Original Motion Picture Soundtrack)
The Trial,Ludwig Göransson,Oppenheimer (Original Motion Picture Soundtrack)
Dr. Hill,Ludwig Göransson,Oppenheimer (Original Motion Picture Soundtrack)
Kitty Comes To Testify,Ludwig Göransson,Oppenheimer (Original Motion Picture Soundtrack)
Something More Important,Ludwig Göransson,Oppenheimer (Original Motion Picture Soundtrack)
Oppenheimer,Ludwig Göransson,Oppenheimer (Original Motion Picture Soundtrack)
Gravity Swallows Light,Ludwig Göransson,Oppenheimer (Original Motion Picture Soundtrack)
A Lowly Shoe Salesman,Ludwig Göransson,Oppenheimer (Original Motion Picture Soundtrack)
Quantum Mechanics,Ludwig Göransson,Oppenheimer (Original Motion Picture Soundtrack)
Fission,Ludwig Göransson,Oppenheimer (Original Motion Picture Soundtrack)
Destroyer Of Worlds,Ludwig Göransson,Oppenheimer (Original Motion Picture Soundtrack)
Pink Sand,EX-LYD,Chip Heat
A Last Look Back,Alexander Lasarenko,Noir
The First Evening,Alexander Lasarenko,Noir
The Murdered Dancer,Luella Gren,The Ghost Pirate Ship
Acroyali / Standing In Motion - Live,Yanni,Yanni Live At The Acropolis
Easy Lovers,Piero Piccioni,Camille 2000 (Original Motion Picture Soundtrack)
Gods creation,daniel.mp3,saved by grace
La petite fille de la mer - Remastered,Vangelis,L'apocalypse des animaux (Remastered)
Son of Nyx,Hozier,Unreal Unearth
Work That Sucker to Death,"Derrick ""Doc"" Pearson","A Family Man (Instrumental Music to Inspire, Motivate and Relax a Family Man)"
Just Give Me One More Day - Old Piano Version,Alej,Just Give Me One More Day (Old Piano Version)
Ice Cap Zone,TehWildcard,Sonic Remixes ~ 2021
Listen Before I Go - Instrumental,Ciren Song,Ciren Covers I
Witty Fellow,Gerhard Trede,Archive Selection 1
At the Window,Alexander Lasarenko,Noir
Rome,Alexander Lasarenko,Noir
Obsession,Alexander Lasarenko,Noir
Santorini - Live,Yanni,Yanni Live At The Acropolis
you left me on suicide sunday,thenian,you left me on suicide sunday
Blue in Green (feat. John Coltrane & Bill Evans),Miles Davis,Kind Of Blue (Legacy Edition)
